Workbook

Sheet Input
A1: Library_ID | B1: Workstream | C1: Service_Title | D1: Customer_Story | E1: Suggested_Path | F1: Assumptions | G1: Estimated_Low_Hours | H1: Estimated_High_Hours | I1: Contracted_Hours | J1: Display | K1: Requires_Clarification | L1: Function | M1: Potential_Variance | N1: Project_ID | O1: Internal_Notes | P1: Task_Link
B2: Discovery + Requirements Workshops | C2: Wholesure Business Requirements Workshop | D2: Acrisure Wholesure Claims and Services requires their implementation strategy and requirements clearly defined across both Claims and Services divisions before starting on the new portal configuration so that project success criteria is clear and met. | E2: A8 to host working sessions to assess current state process and requirements and leveraging existing swimlane docs provided by Acrisure. | F2: - Planning will be specific to Claims and Services operations to optimize budget - Acrisure resources to participate in discovery workshops for both Claims and Services divisions - Final requirements document created and agreed will be created in Clickup - Cross-sell functionality to be deferred to Phase 2 - RFP processes will NOT be implemented in HubSpot during this phase | G2: 12 | H2: 16 | I2: =IF(AND(G2<>"",H2<>""),ROUNDUP(AVERAGE(G2:H2),0),"") -> 14 | J2: Now | K2: FALSE
B3: Solution Design | C3: Lead Journey Mapping + Sales Process Design & Pipeline Architecture | D3: Acrisure Wholesure Claims and Services needs a detailed technical design for their new portal that supports both Claims and Services business processes with appropriate approval workflows and team structures. | E3: A8 to use the requirements produced in the Discovery phase as truth for Claims and Services portal architecture and configuration design. A8 to use the requirements produced in the Discovery phase as truth for specialty retail portal architecture within the existing NAR environment. A8 will create a Requirements Document detailing: - Claims and Services sales process requirements for both divisions - Custom property requirements for B2B wholesale operations - Pipeline design for Claims and Services processes - Team structure and manual lead assignment approach - Approval workflow requirements for Underwriting and Pricing Committee | F3: - Two pipeline configuration for Claims and Services processes - Team structure for 19 client advisors with manual lead assignment - Property schema for B2B wholesale operations - Approval workflow design for Underwriting and Pricing Committee - New portal foundational configuration requirements | G3: 12 | H3: 14 | I3: =IF(AND(G3<>"",H3<>""),ROUNDUP(AVERAGE(G3:H3),0),"") -> 13 | J3: Now | K3: FALSE
B4: Solution Design | C4: HubSpot-to-HubSpot Data Migration Requirements | D4: Claims and Services need HubSpot data migrated from their existing HubSpot Portal into the new Wholesure HubSpot Portal to preserve sales data and processes. | E4: A8 to update and configure a custom portal-to-portal data migrator to faciliate the data transfer. | F4: - Budget is combination of consulting sessions and documenting requirements - Acrisure is required to approve technical requirement doc before sandbox testing begins Migrator tool rules include: - Property and user mapping - Define duplicate rules - Define unique IDs for import - Define all standard objects and activities and associations - Sync includes file attachments Important: User accounts and emails MUST be provisioned before the tool runs. | G4: 6 | H4: 8 | I4: =IF(AND(G4<>"",H4<>""),ROUNDUP(AVERAGE(G4:H4),0),"") -> 7 | J4: Now | K4: FALSE | L4: Solutions Engineering
B5: Solution Design | C5: Project Planning + Final Roadmap Confirmation | D5: Claims and Services needs a detailed project plan that coordinates their HubSpot implementation with the existing processes while minimizing business disruption. | E5: A8 to create a comprehensive project plan with phases, project dependencies, and coordinating touchpoints. | F5: - Clear dependencies mapped between exteral data sources - Plan delivered within agreed upon platform - Clear milestones and responsibilities between teams | G5: 5 | H5: 6 | I5: =IF(AND(G5<>"",H5<>""),ROUNDUP(AVERAGE(G5:H5),0),"") -> 6 | J5: Now | K5: FALSE
B6: Sales Hub Implementation | C6: Teams & Permissions Setup | D6: Acrisure Wholesure Claims and Services needs team structures and permissions configured within the new portal so their 19 client advisors can work effectively across Claims and Services divisions while maintaining data security. | E6: A8 to configure team hierarchy and permission sets for Claims and Services operations within the new portal environment. | F6: - User provisioning for 19 Claims and Services client advisors - Team hierarchy configuration for Claims and Services divisions - Permission sets aligned with wholesale B2B operations - Manual lead assignment process configuration - Role-based access for approval committee members | G6: 4 | H6: 5 | I6: =IF(AND(G6<>"",H6<>""),ROUNDUP(AVERAGE(G6:H6),0),"") -> 5 | J6: Now | K6: FALSE
B7: Sales Hub Implementation | C7: New Portal Foundation Setup | D7: Acrisure Wholesure Claims and Services needs a new HubSpot portal configured with foundational settings and objects so their team can effectively manage wholesale operations separate from retail activities. | E7: A8 to configure new HubSpot portal with foundational settings, standard objects, and properties for Claims and Services operations. | F7: - New portal creation and foundational configuration - Standard object configuration (Companies, Contacts, Deals) - Custom properties for Claims and Services requirements | G7: 12 | H7: 16 | I7: =IF(AND(G7<>"",H7<>""),ROUNDUP(AVERAGE(G7:H7),0),"") -> 14 | J7: Now | K7: FALSE
B8: Sales Hub Implementation | C8: Claims and Services Pipeline Configuration | D8: Acrisure Wholesure Claims and Services needs two distinct sales pipelines configured to manage their unique Claims and Services processes within the new portal. | E8: A8 to build two (2) pipelines within the new Claims and Services HubSpot portal to align with distinct business processes. | F8: - A8 to build up to two (2) pipelines for Claims and Services - A8 to build/config required properties per stages for each pipeline - Considerations for Claims vs Services process differences - Manual lead assignment configuration - RFP processes will NOT be implemented in HubSpot during this phase - Basic file attachment workflows for document management | G8: 12 | H8: 16 | I8: =IF(AND(G8<>"",H8<>""),ROUNDUP(AVERAGE(G8:H8),0),"") -> 14 | J8: Now | K8: FALSE
B9: Sales Hub Implementation | C9: Approval Workflow Configuration | D9: Acrisure Wholesure Claims and Services needs approval workflows configured for Underwriting and Pricing Committee processes so deals can progress through required approvals before advancing to implementation. | E9: A8 to configure approval workflows within the new portal to support Underwriting and Pricing Committee approval processes. | F9: - Workflow configuration for Underwriting Committee approvals - Workflow configuration for Pricing Committee approvals - Deal progression controls based on approval status - Notification setup for committee members - Basic audit trail for approval decisions - Committee members configured as HubSpot users for workflow participation | G9: 4 | H9: 5 | I9: =IF(AND(G9<>"",H9<>""),ROUNDUP(AVERAGE(G9:H9),0),"") -> 5 | J9: Now | K9: FALSE
B10: Sales Data Migration | C10: Configure + Test Portal-to-Portal Migration Tool | D10: Acrisure Wholesure requires their existing HubSpot data migrated into the new Portal with testing before data migrates into the production instance. | E10: A8 to leverage a custom-built data migration tool to move data between HubSpot sandbox portals. | F10: - A8 to test within Sandbox and validate data with Acrisure Wholesure POCs - Property mapping included for contacts, companies, deals - Primary Identifier for contacts: Email Migrating via the tool: - Contact - Companies - 1:1 Sales Activities/Engagements - Deals We are not migrating: - Marketing email activity - Tickets - Association Labels between all records | G10: 8 | H10: 10 | I10: =IF(AND(G10<>"",H10<>""),ROUNDUP(AVERAGE(G10:H10),0),"") -> 9 | J10: Now | K10: FALSE | L10: Development
B11: Sales Data Migration | C11: Run Portal-to-Portal Migration Tool in Production | D11: Acrisure Wholesure Claims and Services needs their existing HubSpot data (400 companies, 900 contacts) migrated to the new portal to maintain relationship continuity and operational history. | E11: A8 to utilize HubSpot-to-HubSpot migration tools and processes to transfer existing data to the new Claims and Services portal. | F11: - Migration of 400 companies and 900 contacts from existing portal - Data mapping and field alignment between portals - Deal stage mapping between old and new pipelines - Association setup with migrated companies/contacts/deals/activities - Pipeline-specific deal categorization (Claims vs Services) - Post-migration data validation and cleanup - Activities include old meetings, notes, 1:1 emails, and tasks | G11: 15 | H11: 25 | I11: =IF(AND(G11<>"",H11<>""),ROUNDUP(AVERAGE(G11:H11),0),"") -> 20 | J11: Now | K11: FALSE | L11: Development
B12: Reporting | C12: Claims and Services Reporting + Dashboard Implementation | D12: Acrisure executives need custom dashboards that provide visibility into Claims and Services performance across both divisions so they can make informed business decisions for wholesale operations. | E12: A8 to configure Claims and Services dashboards and reports within the new portal environment. | F12: - Division-specific performance dashboards (Claims vs Services) - Performance and productivity and forecasting are the primary report focus - Pipeline analytics by division type | G12: 10 | H12: 12 | I12: =IF(AND(G12<>"",H12<>""),ROUNDUP(AVERAGE(G12:H12),0),"") -> 11 | J12: Now | K12: FALSE
B13: User Training Coaching + Consulting | C13: Train-the-Trainer Coaching Support | D13: Acrisure Wholesure Claims and Services leadership needs comprehensive training on the new HubSpot portal functionality so they can effectively train their advisors and ensure successful adoption across both divisions. | E13: A8 to provide leadership training program focused on Claims and Services operations within the new portal environment. | F13: - Claims and Services pipeline training for leadership - Approval workflow training for committee processes - Reporting and dashboard training specific to wholesale operations - User management training for team structures - Train-the-trainer session materials and documentation | G13: 12 | H13: 14 | I13: =IF(AND(G13<>"",H13<>""),ROUNDUP(AVERAGE(G13:H13),0),"") -> 13 | J13: Now | K13: FALSE
B14: Launch and Portal UAT | C14: User Acceptance Testing Coordination | D14: Acrisure Wholesure Claims and Services stakeholders need thorough testing of the new portal configuration before go-live so they can identify and resolve any issues that could impact wholesale operations. | E14: A8 to coordinate UAT process for Claims and Services operations within the new portal environment. | F14: - Test scenario development for Claims and Services processes - User acceptance testing coordination with both division leaders - Approval workflow testing with committee members - Issue tracking and resolution within new portal - Go-live readiness validation for wholesale operations | G14: 12 | H14: 14 | I14: =IF(AND(G14<>"",H14<>""),ROUNDUP(AVERAGE(G14:H14),0),"") -> 13 | J14: Now | K14: FALSE
B15: Launch and Portal UAT | C15: Go-Live Execution & Hypercare | D15: Acrisure Wholesure Claims and Services team needs expert support during their new portal launch so they can transition smoothly from current processes with minimal business disruption to wholesale operations. | E15: A8 to provide go-live execution support for Claims and Services new portal launch. | F15: - Go-live day support for Claims and Services operations - Launch issue monitoring and resolution - User support during transition from existing portal - Data validation post-launch for wholesale operations | G15: 12 | H15: 16 | I15: =IF(AND(G15<>"",H15<>""),ROUNDUP(AVERAGE(G15:H15),0),"") -> 14 | J15: Now | K15: FALSE
I16: =IF(AND(G16<>"",H16<>""),ROUNDUP(AVERAGE(G16:H16),0),"") | K16: FALSE
I17: =IF(AND(G17<>"",H17<>""),ROUNDUP(AVERAGE(G17:H17),0),"") | K17: FALSE
I18: =IF(AND(G18<>"",H18<>""),ROUNDUP(AVERAGE(G18:H18),0),"") | K18: FALSE
I19: =IF(AND(G19<>"",H19<>""),ROUNDUP(AVERAGE(G19:H19),0),"") | K19: FALSE
I20: =IF(AND(G20<>"",H20<>""),ROUNDUP(AVERAGE(G20:H20),0),"") | K20: FALSE
I21: =IF(AND(G21<>"",H21<>""),ROUNDUP(AVERAGE(G21:H21),0),"") | K21: FALSE
I22: =IF(AND(G22<>"",H22<>""),ROUNDUP(AVERAGE(G22:H22),0),"") | K22: FALSE
I23: =IF(AND(G23<>"",H23<>""),ROUNDUP(AVERAGE(G23:H23),0),"") | K23: FALSE
I24: =IF(AND(G24<>"",H24<>""),ROUNDUP(AVERAGE(G24:H24),0),"") | K24: FALSE
I25: =IF(AND(G25<>"",H25<>""),ROUNDUP(AVERAGE(G25:H25),0),"") | K25: FALSE
I26: =IF(AND(G26<>"",H26<>""),ROUNDUP(AVERAGE(G26:H26),0),"") | K26: FALSE
I27: =IF(AND(G27<>"",H27<>""),ROUNDUP(AVERAGE(G27:H27),0),"") | K27: FALSE
I28: =IF(AND(G28<>"",H28<>""),ROUNDUP(AVERAGE(G28:H28),0),"") | K28: FALSE

Sheet ClickUp Import
A1: Task Type | B1: Task Name | C1: Description Content | D1: High Hours Estimate | E1: Contracted Hours
A2: Workstream | B2: Discovery + Requirements Workshops
A3: Customer Story | B3: Wholesure Business Requirements Workshop | C3: Acrisure Wholesure Claims and Services requires their implementation strategy and requirements clearly defined across both Claims and Services divisions before starting on the new portal configuration so that project success criteria is clear and met. A8 to host working sessions to assess current state process and requirements and leveraging existing swimlane docs provided by Acrisure. - Planning will be specific to Claims and Services operations to optimize budget - Acrisure resources to participate in discovery workshops for both Claims and Services divisions - Final requirements document created and agreed will be created in Clickup - Cross-sell functionality to be deferred to Phase 2 - RFP processes will NOT be implemented in HubSpot during this phase | D3: 16 | E3: 14
A4: Workstream | B4: Launch and Portal UAT
A5: Customer Story | B5: User Acceptance Testing Coordination | C5: Acrisure Wholesure Claims and Services stakeholders need thorough testing of the new portal configuration before go-live so they can identify and resolve any issues that could impact wholesale operations. A8 to coordinate UAT process for Claims and Services operations within the new portal environment. - Test scenario development for Claims and Services processes - User acceptance testing coordination with both division leaders - Approval workflow testing with committee members - Issue tracking and resolution within new portal - Go-live readiness validation for wholesale operations | D5: 14 | E5: 13
A6: Customer Story | B6: Go-Live Execution & Hypercare | C6: Acrisure Wholesure Claims and Services team needs expert support during their new portal launch so they can transition smoothly from current processes with minimal business disruption to wholesale operations. A8 to provide go-live execution support for Claims and Services new portal launch. - Go-live day support for Claims and Services operations - Launch issue monitoring and resolution - User support during transition from existing portal - Data validation post-launch for wholesale operations | D6: 16 | E6: 14
A7: Workstream | B7: Reporting
A8: Customer Story | B8: Claims and Services Reporting + Dashboard Implementation | C8: Acrisure executives need custom dashboards that provide visibility into Claims and Services performance across both divisions so they can make informed business decisions for wholesale operations. A8 to configure Claims and Services dashboards and reports within the new portal environment. - Division-specific performance dashboards (Claims vs Services) - Performance and productivity and forecasting are the primary report focus - Pipeline analytics by division type | D8: 12 | E8: 11
A9: Workstream | B9: Sales Data Migration
A10: Customer Story | B10: Configure + Test Portal-to-Portal Migration Tool | C10: Acrisure Wholesure requires their existing HubSpot data migrated into the new Portal with testing before data migrates into the production instance. A8 to leverage a custom-built data migration tool to move data between HubSpot sandbox portals. - A8 to test within Sandbox and validate data with Acrisure Wholesure POCs - Property mapping included for contacts, companies, deals - Primary Identifier for contacts: Email Migrating via the tool: - Contact - Companies - 1:1 Sales Activities/Engagements - Deals We are not migrating: - Marketing email activity - Tickets - Association Labels between all records | D10: 10 | E10: 9
A11: Customer Story | B11: Run Portal-to-Portal Migration Tool in Production | C11: Acrisure Wholesure Claims and Services needs their existing HubSpot data (400 companies, 900 contacts) migrated to the new portal to maintain relationship continuity and operational history. A8 to utilize HubSpot-to-HubSpot migration tools and processes to transfer existing data to the new Claims and Services portal. - Migration of 400 companies and 900 contacts from existing portal - Data mapping and field alignment between portals - Deal stage mapping between old and new pipelines - Association setup with migrated companies/contacts/deals/activities - Pipeline-specific deal categorization (Claims vs Services) - Post-migration data validation and cleanup - Activities include old meetings, notes, 1:1 emails, and tasks | D11: 25 | E11: 20
A12: Workstream | B12: Sales Hub Implementation
A13: Customer Story | B13: Teams & Permissions Setup | C13: Acrisure Wholesure Claims and Services needs team structures and permissions configured within the new portal so their 19 client advisors can work effectively across Claims and Services divisions while maintaining data security. A8 to configure team hierarchy and permission sets for Claims and Services operations within the new portal environment. - User provisioning for 19 Claims and Services client advisors - Team hierarchy configuration for Claims and Services divisions - Permission sets aligned with wholesale B2B operations - Manual lead assignment process configuration - Role-based access for approval committee members | D13: 5 | E13: 5
A14: Customer Story | B14: New Portal Foundation Setup | C14: Acrisure Wholesure Claims and Services needs a new HubSpot portal configured with foundational settings and objects so their team can effectively manage wholesale operations separate from retail activities. A8 to configure new HubSpot portal with foundational settings, standard objects, and properties for Claims and Services operations. - New portal creation and foundational configuration - Standard object configuration (Companies, Contacts, Deals) - Custom properties for Claims and Services requirements | D14: 16 | E14: 14
A15: Customer Story | B15: Claims and Services Pipeline Configuration | C15: Acrisure Wholesure Claims and Services needs two distinct sales pipelines configured to manage their unique Claims and Services processes within the new portal. A8 to build two (2) pipelines within the new Claims and Services HubSpot portal to align with distinct business processes. - A8 to build up to two (2) pipelines for Claims and Services - A8 to build/config required properties per stages for each pipeline - Considerations for Claims vs Services process differences - Manual lead assignment configuration - RFP processes will NOT be implemented in HubSpot during this phase - Basic file attachment workflows for document management | D15: 16 | E15: 14
A16: Customer Story | B16: Approval Workflow Configuration | C16: Acrisure Wholesure Claims and Services needs approval workflows configured for Underwriting and Pricing Committee processes so deals can progress through required approvals before advancing to implementation. A8 to configure approval workflows within the new portal to support Underwriting and Pricing Committee approval processes. - Workflow configuration for Underwriting Committee approvals - Workflow configuration for Pricing Committee approvals - Deal progression controls based on approval status - Notification setup for committee members - Basic audit trail for approval decisions - Committee members configured as HubSpot users for workflow participation | D16: 5 | E16: 5
A17: Workstream | B17: Solution Design
A18: Customer Story | B18: Lead Journey Mapping + Sales Process Design & Pipeline Architecture | C18: Acrisure Wholesure Claims and Services needs a detailed technical design for their new portal that supports both Claims and Services business processes with appropriate approval workflows and team structures. A8 to use the requirements produced in the Discovery phase as truth for Claims and Services portal architecture and configuration design. A8 to use the requirements produced in the Discovery phase as truth for specialty retail portal architecture within the existing NAR environment. A8 will create a Requirements Document detailing: - Claims and Services sales process requirements for both divisions - Custom property requirements for B2B wholesale operations - Pipeline design for Claims and Services processes - Team structure and manual lead assignment approach - Approval workflow requirements for Underwriting and Pricing Committee - Two pipeline configuration for Claims and Services processes - Team structure for 19 client advisors with manual lead assignment - Property schema for B2B wholesale operations - Approval workflow design for Underwriting and Pricing Committee - New portal foundational configuration requirements | D18: 14 | E18: 13
A19: Customer Story | B19: HubSpot-to-HubSpot Data Migration Requirements | C19: Claims and Services need HubSpot data migrated from their existing HubSpot Portal into the new Wholesure HubSpot Portal to preserve sales data and processes. A8 to update and configure a custom portal-to-portal data migrator to faciliate the data transfer. - Budget is combination of consulting sessions and documenting requirements - Acrisure is required to approve technical requirement doc before sandbox testing begins Migrator tool rules include: - Property and user mapping - Define duplicate rules - Define unique IDs for import - Define all standard objects and activities and associations - Sync includes file attachments Important: User accounts and emails MUST be provisioned before the tool runs. | D19: 8 | E19: 7
A20: Customer Story | B20: Project Planning + Final Roadmap Confirmation | C20: Claims and Services needs a detailed project plan that coordinates their HubSpot implementation with the existing processes while minimizing business disruption. A8 to create a comprehensive project plan with phases, project dependencies, and coordinating touchpoints. - Clear dependencies mapped between exteral data sources - Plan delivered within agreed upon platform - Clear milestones and responsibilities between teams | D20: 6 | E20: 6
A21: Workstream | B21: User Training Coaching + Consulting
A22: Customer Story | B22: Train-the-Trainer Coaching Support | C22: Acrisure Wholesure Claims and Services leadership needs comprehensive training on the new HubSpot portal functionality so they can effectively train their advisors and ensure successful adoption across both divisions. A8 to provide leadership training program focused on Claims and Services operations within the new portal environment. - Claims and Services pipeline training for leadership - Approval workflow training for committee processes - Reporting and dashboard training specific to wholesale operations - User management training for team structures - Train-the-trainer session materials and documentation | D22: 14 | E22: 13
A23: Workstream | B23: Project Management | E23: 64
A24: Customer Story | B24: Project Kickoff, Onboarding, and Closeout
A25: Customer Story | B25: Recurring Project Check-ins
A26: Customer Story | B26: Project Administration

Sheet Config
A1: Configuration | B1: Value | C1: Description | D1: HubSpot Property
A2: Gdrvie + Deal Inputs
A3: Company Name | B3: Acrisure Claims and Services | C3: Client company name for proposals
A4: Google Folder | B4: https://drive.google.com/drive/folders/1a7pwOfFLpOtXfYC5O2aKkec9pSzLye0T | C4: Needs to be manually input for the time being, will be set by the Pipedream automation
A5: Deal Record ID | B5: 40576534341 | C5: HubSpot deal record ID, needs to be manually input for the time being, will be set by the Pipedream automation
A6: Last Sync to HubSpot | B6: 45926.409 | C6: The last time the story doc was sync'd to the HubSpot deal record
A8: Client Page
A9: Client Page URL | B9: https://script.google.com/macros/s/AKfycbzxl20njKYjtoRio0MTklGsQD9BQFNHblU2_edDke0O95w7AFvT3Ek8ZARhpKzQ3e4eeA/exec?sheetId=1v4EIEgO2CpbFWMHqzW1Xmut7u73s6JndNe0-sqh6uOA | C9: The URL of the page that will be shared in Trumpet | D9: customer_stories_client_url
A10: Last Client Page URL Generated | B10: 45882.716 | C10: The last time you created/updated a URL so we can understand deployment app versions
A11: Client Page Status | B11: Final Presentation | C11: Determines page status for the shared link
A12: Project ID | B12: ------ | C12: TBD on usage to facilitate project creation
A13: Solutions Architect | C13: SA assigned to this project
A14: Request Scope Review
A15: Scope Reviewed
A17: NOW Project
A18: Hourly Project Rate | B18: 220 | C18: Standard hourly rate for most services | D18: project_hourly_rate
A19: Project Management Factor | B19: 0.405 | C19: Percentage markup for project management
A20: Project Management Content | B20: To support management and communication, a project manager and delivery lead will own all A8 tasks and clearly communicate needs. - Visibility to budget spend will be provided during the duration of the project - A8 will provide check-in agenda items and follow-ups - Acrisure to communicate to A8's shared inbox for easier collaboration and timely responses - Acrisure driven delay will result in additional PM time billed to manage timeline - Aptitude 8 will be responsible for entering and maintaining Aptitude 8-owned tasks in ClickUp - Aptitude 8 will work with Acrisure's project manager to align on project plan & combined team meetings - Acrisure project management will be responsible for internal risk management, project maintenance, and Acrisure-only internal meetings - Aptitude 8 will use ClickUp to detail the project workstreams, tasks, and time management. - Aptitude 8 will have Monday.com access to update status at the high level tasks in Monday.com. - Aptitude 8 will provide a full project plan including dependencies to the Acrisure team. | C20: Description text for the PM section. editable by you.
A21: SA Expected Start Date | B21: 45943 | C21: Project start date
A22: Total Project Months | B22: 3.5 | C22: Expected project duration | D22: project_duration
A24: NEXT Support Retainer
A25: Post-Launch Hourly Rate | B25: 0 | C25: Post-launch rate, a zero here will hide the workstream/section | D25: retainer_hourly_rate
A26: Post-Launch Hours Per Month | B26: 0 | C26: Post-launch hours per month, a zero here will hide the workstream/section | D26: retainer_hours_per_month_sold
A27: Post-Launch # of Months | B27: 0 | C27: Post-launch months, a zero here will hide the workstream/section | D27: retainer_months_sold
A28: Post-Launch Support Content | B28: N/A | C28: Description text for the post-launch section
A31: Additional Notes + Considerations
A32: Additional Notes | B32: - The assumptions content in this scope is based on information and discovery during the sales evaluation and is subject to change during the project if additional challenges or barriers are discovered. - A8 is a Time & Materials agency, we will provide transparent budget tracking throughout the project and change orders will require approvals. - We interchange between A8 and Aptitude 8 in this document. | C32: Description text for below the investment summaries, but above the later phase workstreams

Sheet Calculations
D1: HubSpot Property
A2: Calculated Project Details
A3: Total Service Hours Hours | B3: =SUMIF(Input!J:J,"Now",Input!I:I) -> 158 | C3: Total amount of Input rows
A4: Total Project Management Hours | B4: =round(B3*Config!B19,0) -> 64 | C4: Based on PM % in Config Sheet
A5: Total Project Hours Sold | B5: =sum(B3:B4) -> 222 | C5: Service + PM | D5: project_hours_sold
A6: Total Retainer Hours Sold | B6: =Config!B26 * Config!B27 -> 0
A7: Total Engagement Hours Sold | B7: =sum(B5:B6) -> 222 | C7: This should match exactly to the investment block on the HTML Page | D7: sold_hours
A8: Deal Amount | B8: =(B5*Config!B18)+(B6*Config!B25) -> 48840 | C8: This should match exactly to the investment block on the HTML Page | D8: amount
A9: Expected End Date | B9: =EDATE(Config!B21, Config!B22) -> 46035
A10: Expected Project Hours/Month | B10: =roundup(B5/Config!B22,0) -> 64
A11: Linear Expected Project Hours/Week | B11: =roundup(B10/4.3,0) -> 15
A12: Peak Project Expected Hours/Week | B12: =B11*1.2 -> 18
A13: Low Project Expected Hours/Week | B13: =B11*0.5 -> 7.5
A14: Dev Work Percentage | B14: =C21 -> 0.29 | D14: dev_work_pct
A15: SE Work Percentage | B15: =C23 -> 0.07 | D15: se_work_pct
A18: Calculated Function Summary
B19: Sum of Hours | C19: Percent of
A20: Consulting | B20: =SUMIFS(Input!I:I,Input!L:L,"Consulting",Input!J:J,"Now") -> 0 | C20: =B20/B26 -> 0
A21: Development | B21: =SUMIFS(Input!I:I,Input!L:L,"Development",Input!J:J,"Now") -> 29 | C21: =B21/B26 -> 0.29
A22: Project Management | B22: =B4 -> 64 | C22: =B22/B26 -> 0.64
A23: Solutions Engineering | B23: =SUMIFS(Input!I:I,Input!L:L,"Solutions Engineering",Input!J:J,"Now") -> 7 | C23: =B23/B26 -> 0.07
A24: Strategy | B24: =SUMIFS(Input!I:I,Input!L:L,"Strategy",Input!J:J,"Now") -> 0 | C24: =B24/B26 -> 0
A26: Sum of Function-Based Hours | B26: =sum(B20:B24) -> 100 | C26: =sum(C20:C24) -> 1
A29: Calculated Ranges | B29: Low Hours | C29: High Hours
A30: Project Service Estimates: | B30: =SUMIF(Input!J:J,"Now",Input!G:G) -> 136 | C30: =SUMIF(Input!J:J,"Now",Input!H:H) -> 177
A31: Project Management: | B31: =round(B30*Config!B19,0) -> 55 | C31: =round(C30*Config!B19,0) -> 72
A32: Post-Project Support: | B32: =B6 -> 0 | C32: =B6 -> 0
A33: Hour Estimates: | B33: =SUM(B30:B32) -> 191 | C33: =SUM(C30:C32) -> 249
A34: Investment Ranges: | B34: =(sum(B30:B31)*Config!B18)+(B32*Config!B25) -> 42020 | C34: =(sum(C30:C31)*Config!B18)+(C32*Config!B25) -> 54780
A36: SOW Summarized Line Items
A37: =IFERROR(__xludf.DUMMYFUNCTION("VSTACK( QUERY(Input!B:J,""SELECT B, SUM(I), SUM(I)*""&Config!B18&"" WHERE B IS NOT NULL AND J = 'Now' GROUP BY B LABEL B 'Workstream', SUM(I) 'Total Hours', SUM(I)*""&Config!B18&"" 'Total Investment'"",1), {""Project Management"", ROUND(SUMPRODUCT(QUE"&"RY(Input!B:J,""SELECT SUM(I) WHERE B IS NOT NULL AND J = 'Now' GROUP BY B LABEL SUM(I) ''"",0))*Config!B19,0), ROUND(SUMPRODUCT(QUERY(Input!B:J,""SELECT SUM(I) WHERE B IS NOT NULL AND J = 'Now' GROUP BY B LABEL SUM(I) ''"",0))*Config!B19,0)*Config!B18}, "&" {""Post-Launch Support"", Config!B26*Config!B27, Config!B26*Config!B27*Config!B25} )"),"Workstream") -> Workstream | B37: =IFERROR(__xludf.DUMMYFUNCTION("""COMPUTED_VALUE"""),"Total Hours") -> Total Hours | C37: =IFERROR(__xludf.DUMMYFUNCTION("""COMPUTED_VALUE"""),"Total Investment") -> Total Investment
A38: =IFERROR(__xludf.DUMMYFUNCTION("""COMPUTED_VALUE"""),"Discovery + Requirements Workshops") -> Discovery + Requirements Workshops | B38: =IFERROR(__xludf.DUMMYFUNCTION("""COMPUTED_VALUE"""),14.0) -> 14 | C38: =IFERROR(__xludf.DUMMYFUNCTION("""COMPUTED_VALUE"""),3080.0) -> 3080
A39: =IFERROR(__xludf.DUMMYFUNCTION("""COMPUTED_VALUE"""),"Launch and Portal UAT") -> Launch and Portal UAT | B39: =IFERROR(__xludf.DUMMYFUNCTION("""COMPUTED_VALUE"""),27.0) -> 27 | C39: =IFERROR(__xludf.DUMMYFUNCTION("""COMPUTED_VALUE"""),5940.0) -> 5940
A40: =IFERROR(__xludf.DUMMYFUNCTION("""COMPUTED_VALUE"""),"Reporting") -> Reporting | B40: =IFERROR(__xludf.DUMMYFUNCTION("""COMPUTED_VALUE"""),11.0) -> 11 | C40: =IFERROR(__xludf.DUMMYFUNCTION("""COMPUTED_VALUE"""),2420.0) -> 2420
A41: =IFERROR(__xludf.DUMMYFUNCTION("""COMPUTED_VALUE"""),"Sales Data Migration") -> Sales Data Migration | B41: =IFERROR(__xludf.DUMMYFUNCTION("""COMPUTED_VALUE"""),29.0) -> 29 | C41: =IFERROR(__xludf.DUMMYFUNCTION("""COMPUTED_VALUE"""),6380.0) -> 6380
A42: =IFERROR(__xludf.DUMMYFUNCTION("""COMPUTED_VALUE"""),"Sales Hub Implementation") -> Sales Hub Implementation | B42: =IFERROR(__xludf.DUMMYFUNCTION("""COMPUTED_VALUE"""),38.0) -> 38 | C42: =IFERROR(__xludf.DUMMYFUNCTION("""COMPUTED_VALUE"""),8360.0) -> 8360
A43: =IFERROR(__xludf.DUMMYFUNCTION("""COMPUTED_VALUE"""),"Solution Design") -> Solution Design | B43: =IFERROR(__xludf.DUMMYFUNCTION("""COMPUTED_VALUE"""),26.0) -> 26 | C43: =IFERROR(__xludf.DUMMYFUNCTION("""COMPUTED_VALUE"""),5720.0) -> 5720
A44: =IFERROR(__xludf.DUMMYFUNCTION("""COMPUTED_VALUE"""),"User Training Coaching + Consulting") -> User Training Coaching + Consulting | B44: =IFERROR(__xludf.DUMMYFUNCTION("""COMPUTED_VALUE"""),13.0) -> 13 | C44: =IFERROR(__xludf.DUMMYFUNCTION("""COMPUTED_VALUE"""),2860.0) -> 2860
A45: =IFERROR(__xludf.DUMMYFUNCTION("""COMPUTED_VALUE"""),"Project Management") -> Project Management | B45: =IFERROR(__xludf.DUMMYFUNCTION("""COMPUTED_VALUE"""),64.0) -> 64 | C45: =IFERROR(__xludf.DUMMYFUNCTION("""COMPUTED_VALUE"""),14080.0) -> 14080
A46: =IFERROR(__xludf.DUMMYFUNCTION("""COMPUTED_VALUE"""),"Post-Launch Support") -> Post-Launch Support | B46: =IFERROR(__xludf.DUMMYFUNCTION("""COMPUTED_VALUE"""),0.0) -> 0 | C46: =IFERROR(__xludf.DUMMYFUNCTION("""COMPUTED_VALUE"""),0.0) -> 0
